,machineID,errorID,hour,day,month,failure
count,3919.0,3919,3919.0,3919.0,3919.0,3919.0
unique,,5,,,,
top,,error1,,,,
freq,,1010,,,,
mean,51.04465424853279,,9.977545292166369,15.518754784383772,6.484817555498852,0.04465424853278898
std,28.954987798372613,,6.433585465844638,8.802007571877708,3.465458765071733,0.20656992736595517
min,1.0,,0.0,1.0,1.0,0.0
25%,25.0,,6.0,8.0,3.0,0.0
50%,51.0,,7.0,16.0,7.0,0.0
75%,77.0,,15.0,23.0,10.0,0.0
max,100.0,,23.0,31.0,12.0,1.0
